"m","reps","seed","p1","p2","p3","p4","p5","p6","p7","p8","p9","p10"
0.0001,1,2416506256834968064,0.0015086272,0.00125407215,0.0014100631,0.0007111745,0.00115546015,0.0014957649,0.0006885803,0.0016299953,0.00147186735,0.0014758569
0.001,1,6837261258101183488,0.00113299035,0.00142934845,0.0015485804,0.0015037849,0.00154669575,0.0015072905,0.0011966803,0.001416669,0.0018866435,0.0011313861
0.01,1,690911028042971264,0.0020428856,0.0021271888,0.0018646694,0.0019960594,0.00193630095,0.00198495935,0.00205394515,0.0022714618,0.00206633825,0.0020383498
0.015,1,7022102854223312896,0.0020208854,0.00209825615,0.0020968778,0.00210208255,0.00201195055,0.0019695074,0.00200162645,0.00198324385,0.0019646409,0.00195735395
0.1,1,4259725412608697344,0.0019840171,0.0019702774,0.0019506266,0.0020192785,0.00194950345,0.0019882335,0.00187234975,0.0018898589,0.00195801805,0.00192498335
0.15,1,4434629515017043456,0.0020580868,0.00200915345,0.0021136868,0.00208671515,0.00218060425,0.002102772,0.0021214245,0.0021398223,0.0020458668,0.0021277032
0.2,1,239174730512843136,0.0019084719,0.0018826502,0.0019443495,0.0018862826,0.0019015366,0.00188746975,0.001912052,0.0018456218,0.00187388625,0.0018747469
0.3,1,1370193198129678336,0.0021057486,0.00207713465,0.0020696861,0.0020738804,0.002091237,0.00205391785,0.002023056,0.0019697982,0.0020297788,0.00198499595
0.4,1,4889185592737976320,0.0021377377,0.00206305045,0.00210613035,0.0021814628,0.00201781355,0.0021065956,0.0020977686,0.0020616306,0.00206919965,0.00212868925
0.5,1,8299693257643324416,0.00206228035,0.002041313,0.0020318572,0.0020430817,0.0019793596,0.0020000484,0.0020656487,0.00202806115,0.00206336965,0.00202793
0.00001,1,2346916126161631744,0.00121690055,0.0014770045,0.0013690266,0.00130676615,0,0.0010562705,0.0011246631,0,0.00157743635,0
0.000001,1,4245748549097421312,0.0014778355,0.00186103305,0,0,0.001348524,0.00164773755,0,0.00122441375,0.0012837961,0.0017057276
0.0001,10,600220157564116864,0.00152402945,0.00126867755,0.0017554985,0.00168130495,0.0015112563,0.00141226655,0.00191923215,0.00160277095,0.0016495016,0.00159623725
0.001,10,4704917550013947904,0.0015950571,0.00137503795,0.0014791838,0.00200991715,0.00177064125,0.001765594,0.0015894566,0.00165469155,0.0016991575,0.0017814881
0.01,10,2203942733220781568,0.00193012175,0.002116615,0.00190048605,0.00191166905,0.0020552366,0.00197233805,0.00189573265,0.0018656623,0.00205957425,0.0020369396
0.015,10,6864377105429395456,0.00181715675,0.00199841535,0.0020276685,0.00184653485,0.0019206992,0.00191837145,0.0019388847,0.0019317349,0.0019678016,0.00189375335
0.1,10,7127290274872343552,0.00194275595,0.00195476575,0.00188169,0.00196635395,0.0020163109,0.0019826662,0.00205105505,0.00191222965,0.0018970407,0.00191745535
0.15,10,5511677861508858880,0.0019079849,0.0019113445,0.0018781182,0.00192379325,0.00197890095,0.00194038445,0.0019475565,0.00191432395,0.0018446039,0.0019895769
0.2,10,5729532954150028288,0.0018846623,0.0019369737,0.00185244385,0.0018504293,0.00188230275,0.00194530245,0.0019171207,0.00187829785,0.0018588856,0.0018102969
0.3,10,6531076302718952448,0.00197635955,0.00194477455,0.0018461781,0.00194240365,0.001967029,0.00191378745,0.0019203998,0.0018880881,0.00194481675,0.0019570852
0.4,10,3344404526680787968,0.0018919204,0.00192494485,0.00194611095,0.0019237648,0.00193862345,0.00191032115,0.00199721795,0.00189312555,0.00193319235,0.0019412636
0.5,10,7954472342988800000,0.0020845673,0.00197844675,0.00207759005,0.0020694675,0.00196581195,0.0019574307,0.00200930685,0.0019889708,0.0019978804,0.00197782115
0.00001,10,2974704764365993472,0.00147343535,0,0.00196360805,0.00155690695,0.00125385605,0.00191934885,0.0018036479,0.001045222,0.0013913424,0.00153763915
0.000001,10,5574760647481084928,0.0013823287,0.0015395954,0,0.001514313,0.00151649125,0,0.00152251265,0.00114536515,0.0017113216,0.00189350645
0.0001,11,363723990444509504,0.00151676235,0.0013141458,0.0019170588,0.0013210435,0.00091647345,0.00168184275,0.0014081998,0.0015424536,0.0018397546,0.0017614439
0.001,11,7367317095957541888,0.0018623083,0.00153562955,0.00178815855,0.00181312825,0.002218194,0.0017451546,0.0021886148,0.002052275,0.002179253,0.0017075453
0.01,11,7461559441528938496,0.0020658872,0.00213581275,0.00192163695,0.00210073735,0.00180871275,0.0020897421,0.0020256255,0.0019124033,0.0018939169,0.00200034825
0.015,11,648707401350434432,0.00190770615,0.0018812988,0.00178642745,0.0018738987,0.00178772465,0.0019177512,0.00184040885,0.00185710845,0.00188411375,0.0018045975
0.1,11,1743739833391520768,0.002124017,0.0021057241,0.00212326845,0.0021277779,0.00210216605,0.0020359673,0.00208444045,0.00194117585,0.0019824006,0.00208832355
0.15,11,8668494190716784640,0.0019533921,0.0019043619,0.00184131965,0.00187633165,0.001914438,0.00191426015,0.00194123655,0.00189898805,0.0019609883,0.00177841385
0.2,11,1889234208111561984,0.00205563725,0.00207301765,0.0020210636,0.00202779945,0.00209706885,0.00208215175,0.00197502485,0.00202411095,0.00202872205,0.00200623325
0.3,11,1906495614324633088,0.00206941735,0.00207019995,0.001969464,0.0021013827,0.0020580195,0.0020288914,0.00207903675,0.00207621055,0.0020812407,0.0020731222
0.4,11,6891204210935931904,0.0018646352,0.00189331995,0.0018496967,0.00187370235,0.00188804745,0.0018554408,0.0019635048,0.00186883245,0.001904569,0.0019669861
0.5,11,6187594269640938496,0.00204560705,0.0020158128,0.00201202265,0.0020068934,0.0020847947,0.00207225205,0.0020729057,0.00198625005,0.00205127385,0.0020750486
0.00001,11,2099910783684248320,0.0014766289,0.0013426841,0.00105471345,0.0016106058,0.00175013165,0.0014794776,0.00116374925,0.0010955766,0.00122535635,0
0.000001,11,6006980574286081024,0.00157985645,0,0,0.0011456492,0.00143802255,0,0,0.0015181199,0.0013750276,0
0.0001,12,1068385507727486208,0.00151175565,0.001600574,0.0015276629,0.0012304208,0.00168490355,0.00173346605,0.00146177045,0.00175027065,0.0016455777,0.0014815499
0.001,12,2280877087219688448,0.00205391485,0.00200245585,0.001902303,0.00198821755,0.0020269021,0.0019213473,0.00208277435,0.00216304665,0.00201363055,0.0021740178
0.01,12,1014274292533532288,0.00189893065,0.0017484191,0.00177109685,0.0017377954,0.0018048318,0.00177101765,0.00179549055,0.00181853665,0.00186950225,0.0018432129
0.015,12,5949903536639974400,0.00195436905,0.0018772832,0.0019634752,0.00176953005,0.0019512543,0.0020127891,0.001770263,0.0018573174,0.00180458695,0.00188395675
0.1,12,4541553317329400320,0.00189334135,0.0019537154,0.00192696385,0.0019084828,0.00191943215,0.0018986564,0.0019011601,0.00191512895,0.0019294473,0.00195070455
0.15,12,981754267014374528,0.00188823795,0.001929375,0.00201086555,0.00190129645,0.00191778875,0.00187907605,0.00194660115,0.001898136,0.0019667844,0.00187810055
0.2,12,7799268209462934528,0.00209912635,0.00206159765,0.0020538617,0.00196628365,0.001995909,0.0021025105,0.0020225936,0.0019703868,0.00199998235,0.00199492245
0.3,12,5834425434453432320,0.00193288035,0.0020025039,0.00190645605,0.0019630886,0.0020203042,0.0019709208,0.0018873905,0.00199301925,0.00198452215,0.00194645355
0.4,12,8912059483088549888,0.00192834365,0.0019371385,0.00190712335,0.00191058445,0.00185384375,0.0018605242,0.0018456215,0.00184318005,0.00190592895,0.00193188105
0.5,12,8156794653461355520,0.00216741115,0.0021914322,0.00213500065,0.00214479415,0.0021846285,0.00214094235,0.0021497455,0.0021615983,0.002173456,0.0021463718
0.00001,12,7824066650148051968,0.0014870038,0,0.00159528475,0.0014145596,0.0008700084,0.00165886985,0,0.00129436135,0.0013800545,0.00122079865
0.000001,12,684466721610769664,0.0015253933,0.00122679525,0.00121305515,0.0017466637,0.00190349565,0,0.00173021055,0,0.0011604368,0.00134596105
0.0001,13,5830868171377281024,0.0011674083,0.0012508179,0.0015145843,0.00165138715,0.0013289858,0.00133397025,0.00114111745,0.00133742915,0.00170895105,0.0016794276
0.001,13,5429249047685489664,0.00165485595,0.0014648698,0.00171112475,0.0017805266,0.00173943775,0.001674143,0.00186156915,0.00174014855,0.00183215495,0.00160430935
0.01,13,7104423566205477888,0.00165126865,0.00160377245,0.00180142225,0.0017093448,0.00163766195,0.0015767913,0.001745054,0.00179006605,0.0016595497,0.00172400955
0.015,13,8365817791518826496,0.0018418826,0.00171297185,0.00170490385,0.0019008487,0.00179265045,0.0019381155,0.00172774265,0.0017581671,0.0018903131,0.00177973475
0.1,13,1801872836344367616,0.0020052371,0.00196156865,0.0020560045,0.00201879695,0.00196770715,0.0019398005,0.00203865775,0.00206581785,0.00208021555,0.0019151699
0.15,13,467227069896278080,0.00165293535,0.0016607441,0.0017717469,0.00172251485,0.0017423047,0.00177443165,0.00170495365,0.00173509765,0.00171718995,0.0016914889
0.2,13,4232007100807513088,0.0018445996,0.00183730745,0.0018693819,0.00183724425,0.00182050275,0.0017876933,0.00182739455,0.0018478775,0.001870198,0.0018094014
0.3,13,5660748832832937984,0.0021407461,0.002111926,0.00220293225,0.0020689083,0.0022194582,0.0021684169,0.00218780145,0.00218693365,0.0020802326,0.00209055755
0.4,13,6745093003449864192,0.0019701888,0.0019801961,0.00201927705,0.00188958105,0.00207120375,0.0019020489,0.00200035125,0.00190932965,0.0020107563,0.00196777355
0.5,13,5073064412272544768,0.00203998385,0.0019594631,0.0020316056,0.002013591,0.0019757171,0.0020169784,0.0020589432,0.00208201415,0.00201415285,0.00196703205
0.00001,13,7795291041079456768,0.00150553335,0,0.0016457109,0.0012159153,0.0014768649,0.0013916587,0.00136118305,0.0013861057,0.00126766765,0.0009804772
0.000001,13,6887560588252664832,0.00149970065,0.0016781335,0.0016620605,0.00137301515,0.00154291395,0.0015680747,0,0,0.00109413575,0.00154603115
0.0001,14,5694369969094860800,0.0014081004,0.0018096085,0.001532371,0.0014947348,0.0014288458,0.00168004255,0.00127227805,0.00164552815,0.00137729865,0.0016889447
0.001,14,5249979029075135488,0.00197277835,0.0021400519,0.00182425975,0.0018035786,0.00184930655,0.0017049403,0.00195786545,0.0022908016,0.00233737815,0.0018657608
0.01,14,2461119675112405504,0.0019826959,0.00189337855,0.00189263555,0.001938304,0.0018316056,0.0019321578,0.00184550955,0.00215504705,0.00193417035,0.0018311135
0.015,14,64809400148466472,0.00204112085,0.00208369535,0.00201834305,0.00217927115,0.00212322335,0.0020773107,0.00208152625,0.0021501698,0.00214779535,0.00208436075
0.1,14,3887617588777958912,0.002117344,0.002004817,0.00202885805,0.0019962576,0.001995726,0.00196659165,0.0019816329,0.0019680748,0.00207256845,0.00200524725
0.15,14,5743764128252991488,0.00195903575,0.0019850844,0.00200657805,0.00200139175,0.0020995078,0.0020508201,0.00193333815,0.0020009591,0.0019002391,0.0019894132
0.2,14,5170558826808426496,0.00191164045,0.0020445266,0.00193526075,0.00191211145,0.00192560975,0.00199596955,0.001973058,0.00192390815,0.00202212345,0.00199370185
0.3,14,2637723354666660352,0.00184298855,0.00177177835,0.0017386156,0.00171444815,0.00177642985,0.0017757046,0.00176110275,0.00182139535,0.00178360395,0.0018074154
0.4,14,2024437612515397888,0.00194379085,0.0019638766,0.00188805515,0.00192487085,0.0019954864,0.0019147598,0.0019179772,0.00202284815,0.0019548312,0.00190338165
0.5,14,9210449867220393984,0.00215994085,0.00204917645,0.00205661445,0.0021309002,0.00211984185,0.0021316894,0.0021623659,0.0021658626,0.0019762705,0.002070157
0.00001,14,7330547409339325440,0.00105926685,0.00117987155,0,0,0.00184360795,0.00179393975,0.00161280475,0.0014277037,0.0017877698,0.0011504916
0.000001,14,7301489226466785280,0.00165366625,0.00133076915,0.0016915088,0,0.00147394815,0.001530923,0.0013024296,0.00154896695,0.00204145015,0.00134639215
0.0001,15,8719178310283878400,0.00163217205,0.00151452055,0.001873683,0.001838711,0.0017462741,0.00169251015,0.00050945995,0.0018207802,0.00102248395,0.0015989491
0.001,15,668127716274873856,0.00147204245,0.00171886285,0.0015730172,0.001435277,0.0015826128,0.0017776757,0.00158632605,0.00132319305,0.0015567364,0.001367916
0.01,15,8021036041940497408,0.00164641315,0.0016493603,0.00163004135,0.0018150139,0.0017506013,0.00174735075,0.00171594545,0.0017121101,0.00176329905,0.00169433195
0.015,15,7126735057412419584,0.00171518225,0.00163264375,0.00169440415,0.00153781855,0.00176762995,0.00169572645,0.00164156565,0.00163450005,0.0016552047,0.00150855745
0.1,15,8551224964261839872,0.0017331689,0.0017232813,0.0017599241,0.0017097781,0.0017295886,0.00177041535,0.00172387735,0.00167550615,0.0017136719,0.0017147923
0.15,15,1088586400742781568,0.0020571558,0.0020049906,0.0020620599,0.0020713664,0.0020431284,0.0020088625,0.00204990015,0.0020316285,0.00211292825,0.0021098837
0.2,15,2146867432008387840,0.0017461169,0.001830882,0.00182676465,0.0017564769,0.00178683185,0.00182819005,0.0017868612,0.00180555015,0.001835748,0.00173298075
0.3,15,1711428871174349824,0.0020953033,0.0020726805,0.0020712845,0.00204706495,0.0020721453,0.00198688575,0.00206538155,0.0019955553,0.00209488085,0.0020211494
0.4,15,2438605264471224832,0.00186919175,0.0017984531,0.0018656062,0.0018919943,0.0019404851,0.0018826763,0.00201144,0.00185768075,0.0019400202,0.001868111
0.5,15,2331283056756430848,0.0020533184,0.0021105679,0.0020630793,0.0021376082,0.0022282076,0.0020181385,0.00208315055,0.0021224962,0.0021264662,0.00213665995
0.00001,15,3705079942156100608,0.00127298305,0.00115460865,0.00187945705,0.00118244675,0.0012439824,0.0015019958,0.0013898692,0,0.00196024805,0.0017175286
0.000001,15,7488217623499035648,0.00168881445,0.00150571325,0.00124781045,0.00124537775,0,0.0014520611,0.001699563,0.0014314314,0.00160175395,0.00156716835
0.0001,16,4535262147765805568,0.0010621665,0.0012166356,0.00125311155,0.0015812174,0.001398412,0.001709256,0.0012542106,0.0015886539,0.00157963395,0.0016933424
0.001,16,5174483697601255424,0.0020104818,0.00231996775,0.0019398485,0.0016560924,0.00153349625,0.00194537035,0.0017394305,0.0017381693,0.00184511555,0.00213618885
0.01,16,1203412941173582336,0.00171337095,0.001872055,0.00182981,0.0017382871,0.001925142,0.00192779095,0.00184770415,0.00176121745,0.0017416666,0.00167586535
0.015,16,8236643443247989760,0.00191859055,0.0017374809,0.0019404078,0.00173287975,0.0018626797,0.00177393165,0.00186974715,0.0018716753,0.0018670352,0.0018511732
0.1,16,5999470182827900928,0.001841588,0.0017612466,0.00175643405,0.00178659055,0.001816626,0.00179563555,0.001843274,0.0017587995,0.00183283835,0.00181284525
0.15,16,7208894401736709120,0.00217683925,0.0020846493,0.00213731865,0.0020914515,0.002046754,0.0021101874,0.00213198835,0.0020549522,0.00205261885,0.00206820295
0.2,16,1391806048458964224,0.00190955585,0.0018476633,0.0019231058,0.00185619735,0.00176359625,0.0018809686,0.0018279678,0.0017973156,0.0018816782,0.0018269872
0.3,16,404612485823790592,0.0019702334,0.0020481066,0.00205710695,0.0020143479,0.00196515115,0.00202028085,0.00197326845,0.00202861275,0.0020406647,0.00195999615
0.4,16,4353483949067959296,0.00180909735,0.0017538798,0.00174603775,0.00183486345,0.00172866785,0.00169257725,0.00177771885,0.0018245305,0.0017665226,0.00175460325
0.5,16,7354979489165334528,0.00201767835,0.0019305686,0.00204130205,0.00192543175,0.00198245285,0.0019038637,0.00193265585,0.0019246185,0.00193176835,0.0019241482
0.00001,16,3394999448345398272,0.001525694,0,0.00103752795,0.00160101295,0.00154515935,0.0013703811,0.0011543822,0.0010894136,0,0.0011734511
0.000001,16,4528920915261559296,0.0020958453,0.0012690053,0.00172698905,0.00162792355,0,0.00097949265,0.0012293078,0.0016101441,0.00171902735,0.0013702546
0.0001,17,5142416806170270720,0.0013703681,0.0015187099,0.0016379636,0.00159825245,0.0016619663,0.00175205735,0.00156905355,0.00158167625,0.00177978365,0.0013251538
0.001,17,6123755653685801984,0.0016991231,0.00189476975,0.0018813806,0.0018197736,0.0018233635,0.00171470225,0.00160913555,0.00190773195,0.0014053007,0.0016650365
0.01,17,5938045257440719872,0.0018379875,0.00185803985,0.00174658055,0.00176647275,0.001866449,0.00184538065,0.00183783845,0.00184591795,0.0017700178,0.0017816444
0.015,17,938164320236315520,0.00164225495,0.00161824045,0.0017565217,0.0016740154,0.00173291815,0.00160824655,0.00171651745,0.0016102125,0.00177859935,0.00165512425
0.1,17,5644960289309005824,0.00210917505,0.0021945725,0.0021005518,0.00213758935,0.0020319321,0.0020830299,0.0021339821,0.0020525991,0.00205488865,0.0020759228
0.15,17,1502666651126706176,0.0018455909,0.0018526673,0.00190145235,0.0019893816,0.0019729237,0.0020154895,0.001987175,0.0019281108,0.00191434595,0.0019773495
0.2,17,1309042897321481984,0.00193852705,0.001947634,0.0020013099,0.0019357808,0.00201837425,0.001959063,0.00192951535,0.0019067194,0.00190008525,0.0020140104
0.3,17,4072942865494481408,0.00189389635,0.00191468085,0.0019501051,0.0018740302,0.0018820893,0.00195991415,0.00191015055,0.0018143043,0.0019194573,0.0019025232
0.4,17,6363292725890854912,0.0021093569,0.00202870345,0.00205990005,0.00208172935,0.0020666263,0.0020102386,0.0021187046,0.00208952135,0.00200596195,0.0020276694
0.5,17,8877454169862610944,0.0019234088,0.00193611375,0.00197579905,0.00194103045,0.00195142055,0.00200650975,0.00201296335,0.0019833876,0.00199598525,0.0019495074
0.00001,17,2705899549865060352,0.00155120955,0.00112219415,0.00130779215,0.0017515065,0.00102287755,0.00133396985,0,0.00118235985,0.0011652303,0
0.000001,17,6848448308364131328,0.00189850255,0.00154501995,0.0017463008,0.0014728967,0.0012511167,0.00096630555,0.00142251985,0.001311227,0.0011020356,0.00131422065
0.0001,18,7871233318397705216,0.00156902915,0.00131477555,0.00204715995,0.00158971015,0.0012450293,0.0005588304,0.001642437,0.0015563187,0.0014363976,0.00113204985
0.001,18,7643607214655715328,0.00147653365,0.0016737655,0.00172020045,0.0017694515,0.00209660655,0.00155552205,0.00142840705,0.00199003805,0.00203457045,0.00187706455
0.01,18,848979259080077312,0.0019554062,0.00194373455,0.00197717,0.002017513,0.0019440378,0.00187734435,0.0019852556,0.0017918878,0.0019973478,0.00191177345
0.015,18,95399958737846512,0.001736762,0.00176558585,0.0017067237,0.0016865937,0.0018099365,0.00171326175,0.001883442,0.0017963139,0.0017841482,0.0016209114
0.1,18,8548558127932170240,0.0020544139,0.00197492225,0.002046602,0.0020300949,0.00196237105,0.00193866135,0.00200743235,0.0020157442,0.0020147725,0.00201667955
0.15,18,4473938076204802048,0.00199052075,0.00195503565,0.00209016525,0.0019362653,0.0020118043,0.0019631783,0.00198161185,0.0019518243,0.00206345505,0.0020425311
0.2,18,3048882549216434688,0.0020191724,0.00197254105,0.0019615721,0.00188015125,0.00205508005,0.00196761795,0.0018944318,0.0019833859,0.0018917522,0.001965849
0.3,18,8412392214883616768,0.00180522865,0.00193090345,0.00192805965,0.0018993114,0.0018523051,0.0019561068,0.0018727737,0.0018227605,0.00188072495,0.00193528925
0.4,18,4260450888456125952,0.0019404292,0.00186633145,0.00188155765,0.0018973027,0.0019333933,0.0019296931,0.00187090345,0.0019691216,0.0018977331,0.0018557784
0.5,18,1782808555892761856,0.0019050811,0.0018582054,0.00184815425,0.00187129355,0.0019456219,0.0018915256,0.0018867736,0.00192662055,0.001938269,0.0018843612
0.00001,18,8047070505131586560,0.00163021945,0.0011334033,0,0.0016611985,0.00102558025,0.0014976399,0,0.00162096245,0.0014911226,0.0012228292
0.000001,18,3101180290931013120,0.00158244715,0.0020109147,0.00144188725,0.00137299995,0.00109763045,0.0008654702,0.00157705745,0.00156101285,0,0.00159204765
0.0001,19,8996035568133679104,0.0013970629,0.0015849563,0.0013023405,0.00176885315,0.0019791333,0.0007075691,0.0015242812,0.00178279815,0.00163572075,0.0019079747
0.001,19,6654330472608209920,0.00186710915,0.0018236487,0.0019200129,0.00164798835,0.0017724221,0.0020651109,0.0014172599,0.00188804385,0.0016944037,0.0020557654
0.01,19,7670083586190198784,0.00178529115,0.00173712555,0.0018230683,0.00181016595,0.00174769885,0.0018596478,0.0018074011,0.001949371,0.0018421073,0.00177573685
0.015,19,8058512814285212672,0.00190238845,0.00180451765,0.00194293645,0.0018177662,0.00188530415,0.00186334455,0.00182081795,0.00186968595,0.0019914893,0.00183958045
0.1,19,1251936591366104576,0.0020004957,0.00196138205,0.00188196825,0.0019670059,0.0018540114,0.00192152365,0.00201438185,0.0019362193,0.00198456245,0.0019536893
0.15,19,8339378881646052352,0.00184451035,0.001765713,0.00177560325,0.0018286387,0.00172033295,0.0017939093,0.0018691024,0.00175383415,0.0017828488,0.00178810045
0.2,19,594651582792624768,0.0017963355,0.00177359915,0.001757473,0.00177942325,0.00172444175,0.00169943375,0.0017593181,0.00169199665,0.00170845505,0.0017458276
0.3,19,3420646506834662400,0.00196133045,0.00188105915,0.0019887375,0.00185404725,0.0018979304,0.0019451508,0.0019171087,0.0018810844,0.00192157165,0.00185591075
0.4,19,1859601255444842240,0.0018675788,0.00187118065,0.00185478495,0.00185448885,0.0018699891,0.0018281109,0.00176400015,0.00182607185,0.00173642515,0.0018562914
0.5,19,8953109258500972544,0.0021510419,0.00219814575,0.0021726886,0.00218293985,0.0021535225,0.00221619085,0.00222005145,0.0022263036,0.0021820577,0.0020896741
0.00001,19,6910208974031058944,0.0017380955,0.00192632675,0.00144130445,0.0015917745,0.0009313776,0,0.0017585659,0.00092288155,0.00172262015,0.0015359271
0.000001,19,7932169836563140608,0.00182587625,0,0.00140216855,0.00146159405,0.0013940886,0.0013096451,0.0013216334,0.0012959506,0.00114554295,0.001487729
0.0001,2,3922620027622529536,0.0017746666,0.00086506915,0.0012365973,0.0015077158,0.00147759415,0.00133437455,0.0015754474,0.0013952379,0.00186250205,0.00163080485
0.001,2,4538065717728190976,0.0016622405,0.0017295518,0.00159077875,0.0019986595,0.001839474,0.00169739795,0.0016559524,0.0014466251,0.0017077755,0.0018546635
0.01,2,8122162932746492928,0.0020647097,0.00208481935,0.00222150065,0.0022074655,0.0020826771,0.00215023335,0.00208830025,0.00208695245,0.0020186558,0.002198371
0.015,2,4964978453664226304,0.00193683475,0.001867639,0.00176337705,0.00201581955,0.00194856585,0.00182063665,0.0019142262,0.00191908795,0.00190631255,0.0018985627
0.1,2,1851257818640449024,0.00188859185,0.00196275485,0.00198275625,0.0019248349,0.0018735289,0.0020517567,0.0019391508,0.00183779075,0.0019349421,0.00197966925
0.15,2,8723951165681827840,0.00194469645,0.00180971205,0.00186862295,0.0019088468,0.00194073035,0.0019129201,0.00192335485,0.00184519625,0.00184213365,0.0018958338
0.2,2,6700435696669474816,0.00173749885,0.0018208991,0.00178730055,0.00174937885,0.001779332,0.0018131901,0.00178266975,0.00177476695,0.0018294631,0.00173019185
0.3,2,8374423060808203264,0.00203291025,0.0021276227,0.002113992,0.0021430073,0.0020701192,0.0019775233,0.0020477571,0.00210279385,0.0020860349,0.0020656089
0.4,2,2847163918605997056,0.00196971605,0.001996729,0.002046294,0.0019205074,0.00211288445,0.0019687714,0.00198307685,0.00197076315,0.00199968815,0.0020760242
0.5,2,8193526951596060672,0.0015656632,0.00164132335,0.0016954802,0.0016689806,0.00164039365,0.00164899295,0.0016089115,0.0016641926,0.0016757777,0.00162799955
0.00001,2,4264201940680166400,0.00131027925,0.00134677145,0.0015922415,0.0012413009,0.00186770235,0.0015556276,0.0013750756,0.00114632385,0.00134743215,0.00158961045
0.000001,2,769193533555288576,0.00126370805,0.00151559565,0.0017142446,0.00118471155,0,0.0017945479,0.00126885125,0.00171853715,0.0014852983,0.0013666526
0.0001,20,4995664153430130688,0.0016065104,0.0014161747,0.00144605155,0.0014667531,0.0017023921,0.00116951145,0.0015948017,0.0013646581,0.0015096064,0.00128258305
0.001,20,8512743102964264960,0.00178527775,0.00146053295,0.0017502638,0.00203436765,0.00179781975,0.00190516475,0.00163226775,0.00138071205,0.0016772942,0.0016048965
0.01,20,6823232840238559232,0.0017697939,0.0017351548,0.0017776497,0.0019161371,0.0018724054,0.0016337111,0.00181903435,0.0017906981,0.0017823247,0.00176117125
0.015,20,1873409980854568704,0.0018711206,0.0018719651,0.0019092839,0.0019392951,0.0019101516,0.00188481305,0.00196061395,0.0019329715,0.0019683668,0.0018085738
0.1,20,2137469114801003520,0.00198614805,0.0020332515,0.002039907,0.00201945035,0.0020210588,0.00198101015,0.00196491845,0.0018858579,0.0019333465,0.0020380622
0.15,20,6053755211216480256,0.0019892421,0.0018750622,0.00186563485,0.00189535875,0.00187992305,0.00194191715,0.00193560885,0.00189211865,0.0019534763,0.0019480293
0.2,20,4997778298875974656,0.00210559025,0.0018965536,0.00193810255,0.00200534655,0.00204138395,0.00199039645,0.0020933327,0.0019773788,0.00196043025,0.0019738164
0.3,20,5470432504851689472,0.00201495035,0.0020357803,0.00196351935,0.0020123028,0.00198320045,0.00204305705,0.00205644995,0.0020741448,0.00187677215,0.00200296045
0.4,20,3919367961869241856,0.00189116195,0.0018889224,0.00194653705,0.001918612,0.00189677785,0.0019122621,0.00190531755,0.0019287441,0.00184343345,0.00187814715
0.5,20,4054077859370288640,0.00214875985,0.0021222401,0.00211771695,0.0020734985,0.0018989403,0.0020985532,0.0020794857,0.002152786,0.0021005589,0.0020160752
0.00001,20,4902909682777372672,0,0.00117781065,0.00107889355,0.0014140435,0.00130471835,0.0012969048,0.0012481349,0.001843028,0,0.0012389931
0.000001,20,7029984424378359808,0.00133660545,0.00156677995,0.0018501321,0.0014300255,0.0015604763,0.00147194195,0.00126933795,0.0011430015,0.00146996905,0.00158398255
0.0001,3,7615129769298814976,0.0014296513,0.0012275823,0.001410245,0.0014008391,0.0014557481,0.00171949655,0.00134484855,0.0015332961,0.00042390505,0.0017457834
0.001,3,7634253287661036544,0.00163734605,0.001683401,0.0013053593,0.0017617156,0.00169109715,0.00202984975,0.00170179695,0.0015570542,0.0017696722,0.00189877315
0.01,3,2293477566535635968,0.00174483595,0.00192758265,0.0017658147,0.0019173603,0.00179475045,0.0018411568,0.001754302,0.0018090928,0.0018196963,0.00178919235
0.015,3,8022958891979164672,0.00190447195,0.0018873677,0.0021439324,0.00195503555,0.00194061515,0.0020844319,0.00193243125,0.0020138159,0.001867292,0.0018836888
0.1,3,7959492922142857216,0.00177777775,0.0017179639,0.00169789115,0.0017078992,0.00175516515,0.00160817105,0.001717003,0.001683411,0.00168381975,0.00168889215
0.15,3,4935774268156610560,0.00188343365,0.001930046,0.00193946265,0.00188733205,0.0019649561,0.0020093619,0.0019025011,0.00191816795,0.0018990542,0.0019579918
0.2,3,6681992400358902784,0.00191228305,0.00186296785,0.00189367035,0.0018480428,0.0018898565,0.00201799815,0.0019452759,0.0019146767,0.0018050958,0.00191384835
0.3,3,411384620423310144,0.00174861305,0.00176405355,0.00172666385,0.0016970166,0.0018175259,0.0017710473,0.00182870475,0.0017215143,0.00175709015,0.0017308977
0.4,3,4086183371459195392,0.00182216595,0.00197952165,0.0019410696,0.00195150085,0.00202198865,0.00193712825,0.00183157825,0.00190155645,0.00194064205,0.0019247532
0.5,3,5548365338282064896,0.0018329173,0.00189407705,0.00195521175,0.00180561795,0.00189910215,0.00186203495,0.00191151785,0.00191767125,0.00190343215,0.0018423495
0.00001,3,3866955972264188416,0.0020870119,0.0018029474,0.0013503997,0.0018729011,0.00122628405,0.0013726485,0.0013521125,0.00158802395,0.000920905,0.00144542525
0.000001,3,7263034434512429056,0.00101465995,0.00122077825,0.0014274978,0.00142481445,0.00164596125,0,0.0012157514,0.00174292055,0.0015001642,0.00163178715
0.0001,4,8077063919566208000,0.00154384575,0.0012345078,0.00133658045,0.00194149075,0.0011714131,0.0019125467,0.00153170745,0.00123407905,0.0000283473500000003,0.0010847744
0.001,4,443605087113049856,0.00183863665,0.00194011035,0.00182613625,0.0017276796,0.00187605395,0.0015320593,0.00157424215,0.0019756233,0.00185857475,0.00183710705
0.01,4,1196011453831472384,0.00187687475,0.00191919515,0.0020114755,0.002093291,0.00188346235,0.00194926865,0.00209918535,0.0020077058,0.00203927,0.0020118211
0.015,4,165247647668839616,0.0018563609,0.0017364853,0.00200784465,0.00180472815,0.001859815,0.00184048255,0.00191595345,0.0019039844,0.001708758,0.0017691951
0.1,4,9082433013148106752,0.00203140305,0.0021085039,0.0019777394,0.00204411605,0.00208854765,0.00189701095,0.0019871523,0.00192095885,0.0020111342,0.00202137775
0.15,4,2263428128510134016,0.00192031565,0.00197302585,0.0019797946,0.00208309485,0.00186693625,0.00195589765,0.0019767314,0.00195324595,0.0019941594,0.00193406805
0.2,4,931105453276105088,0.00213021215,0.0019879729,0.0020360613,0.0021254626,0.00212369485,0.00204629115,0.00201391815,0.0020597564,0.0020498718,0.00205406895
0.3,4,4827620771904287744,0.002015621,0.00198738945,0.00203017905,0.001949194,0.0019516461,0.0020716772,0.0020440094,0.0019405337,0.0019515834,0.002028765
0.4,4,355034441259624832,0.00207309685,0.00201249305,0.00199284815,0.0020283578,0.00197844,0.0020278652,0.0019722677,0.00203353205,0.0020689436,0.0020191211
0.5,4,3341232493577636864,0.00174901105,0.00178007885,0.0017358302,0.00172063415,0.0017006927,0.0016611706,0.00171948875,0.00179216645,0.00170671285,0.0016567655
0.00001,4,7970635074004293632,0.0012600686,0.0013703855,0,0,0.0015070973,0.00139346395,0.0014276,0.00168280275,0.0014414141,0.00144008655
0.000001,4,5928905449429438464,0.0011302366,0.00175859485,0.0012040815,0.0014017097,0,0.00137307635,0.00145436145,0.00182042095,0.00133631125,0.0010839554
0.0001,5,8476386105282949120,0.00108447965,0.00095903885,0.0016267656,0.00166720285,0.001609848,0.0015367293,0.0016582334,0.0016369947,0.00183416315,0.00141353605
0.001,5,5067853850285314048,0.0017261966,0.0016532542,0.0015065956,0.00151861885,0.00187426965,0.00153460715,0.0015148266,0.0018499129,0.00142154125,0.00181750725
0.01,5,5931421251318085632,0.0020153095,0.0019829623,0.00203666505,0.0019936067,0.00187039385,0.00194281335,0.00195634865,0.00194314575,0.00208016015,0.0019820691
0.015,5,8862083987022096384,0.00192762545,0.00204613505,0.00194932035,0.00200917365,0.0019526177,0.0018938767,0.0019873986,0.00197234085,0.00196184235,0.0017772515
0.1,5,7647909891935674368,0.0019337113,0.0018376877,0.00192874905,0.0018796146,0.00183881825,0.0018214014,0.00189057965,0.00189783425,0.00193238835,0.0019907578
0.15,5,5628041162535275520,0.00201391015,0.00201403735,0.00203498375,0.002024054,0.00208226,0.00199935195,0.00202237245,0.0019537422,0.0019502275,0.0018988512
0.2,5,3936008627763065344,0.00202381275,0.00210626885,0.0021705024,0.0021267226,0.00210431005,0.00205481285,0.00209690435,0.00210107895,0.0021264895,0.00212967815
0.3,5,4756912094627369984,0.00195169145,0.00194650295,0.0019200782,0.00185712485,0.00190735965,0.00192513035,0.0018945415,0.0019614349,0.001923922,0.0020021887
0.4,5,5625372461842260992,0.0021147569,0.0020266925,0.0020661944,0.0021663848,0.0019726926,0.0021237293,0.00205981755,0.00196014455,0.0021798165,0.00201671975
0.5,5,5604971337081971712,0.0019807804,0.00198683675,0.00201789045,0.0020133679,0.0020190722,0.0019987608,0.0020517786,0.0019908139,0.0019872461,0.00198040655
0.00001,5,8395160516884848640,0,0.00168220505,0.0010555845,0.00142520985,0.00133481025,0.00157033775,0,0.0015492813,0.001442156,0
0.000001,5,5421250276459516928,0.00113898665,0.00190009965,0,0.0016132491,0.0015136008,0.00159066265,0.0012868596,0.0015165741,0.00127360725,0.0015027637
0.0001,6,3381668284738511872,0.00168497035,0.0015627769,0.00140401125,0.00186045855,0.00156589945,0.00199537135,0.00108932955,0.00146508345,0.00183498935,0.0016289847
0.001,6,2621377400504026624,0.001562359,0.0019413143,0.0015642868,0.00174268695,0.00162342485,0.0016231053,0.0018433856,0.00158353175,0.0016818641,0.00169660375
0.01,6,1133836553200911104,0.0018407503,0.00206690725,0.00199433755,0.00194802215,0.00201186245,0.00185132315,0.0020409883,0.0017860834,0.00186478965,0.0019921439
0.015,6,3497861058083107328,0.00173444235,0.00167309875,0.00187357585,0.0017947871,0.0017710511,0.00177752465,0.0018739335,0.00181383335,0.0017645928,0.00186870825
0.1,6,8567268214904485888,0.00210758755,0.00216580815,0.00212365795,0.00204864105,0.00216426925,0.00205610455,0.00211301025,0.0021314047,0.00215475235,0.0022031505
0.15,6,6129143521067797504,0.00199301045,0.00192123965,0.00187336325,0.0018699868,0.00188215355,0.00195140775,0.00199987365,0.0019143444,0.00192454965,0.00186933555
0.2,6,2989794420038387712,0.0018021501,0.00185831285,0.00175192155,0.0017990208,0.0018396431,0.001809172,0.00177271935,0.00180306,0.0017817436,0.0017796518
0.3,6,1155263129193418496,0.0019286409,0.00192495815,0.00182286845,0.0018897926,0.00193787905,0.0018518362,0.00196803435,0.0019073064,0.0018907995,0.00188242695
0.4,6,7477654475182552064,0.0019706891,0.0018483014,0.00193269215,0.00187970885,0.00189247615,0.00193153505,0.0019620967,0.00187721945,0.00192938515,0.00192083765
0.5,6,4846185651358255104,0.00167222655,0.0017094785,0.00174233005,0.0017598377,0.00165068665,0.00178969475,0.0016903408,0.0017731243,0.0017017295,0.00177882265
0.00001,6,2015332037428434944,0.00146940205,0.00169102495,0.001977153,0.00127968955,0.00153879485,0.00107182345,0.0017763616,0.00142240275,0.00137630315,0.00153270665
0.000001,6,494146648593216960,0.0011589243,0.00156884885,0.001938563,0.0015507146,0,0.0012811059,0.00141579505,0.00141131955,0.0013668265,0.0018245303
0.0001,7,5215325474828126208,0.00153140325,0.00165183485,0.00127250255,0.00169894625,0.0012772238,0.00172023085,0.00168341655,0.0012212391,0.00174025955,0.00160631545
0.001,7,4619225428892972032,0.0017408485,0.0018169189,0.00181686915,0.00197603955,0.0017334304,0.00149940395,0.0014471651,0.0018795583,0.0016500487,0.0015973856
0.01,7,1794748831977180416,0.001993116,0.0016502421,0.00189879595,0.0017555749,0.00186494715,0.0017901035,0.00189757185,0.0018488086,0.0018487857,0.001766063
0.015,7,5114551959593206784,0.0018073223,0.0019571401,0.00178628275,0.00191616065,0.00194024105,0.00202810905,0.0020326274,0.00187985185,0.00191998875,0.0019779949
0.1,7,2169750933343840768,0.0019992148,0.00193249015,0.00203479165,0.00191619355,0.002080745,0.00201526395,0.0020296813,0.00203340245,0.0020286853,0.00197999565
0.15,7,2733515285611680768,0.0020694234,0.0018898661,0.00195675305,0.0019324039,0.00196898215,0.00197022245,0.0019771391,0.00199981065,0.0018932529,0.00191595365
0.2,7,3080540765795756544,0.00174852935,0.0018496317,0.00188478935,0.00193817175,0.0019107482,0.001871522,0.00192491955,0.00185931375,0.00181890315,0.0018733611
0.3,7,6737552403008646144,0.001737028,0.00171756905,0.001748438,0.0017079195,0.0017165627,0.00172658565,0.0017832235,0.00177221915,0.00172662795,0.0017681503
0.4,7,6342036371342618624,0.00185495025,0.00187717105,0.00174162005,0.00177668385,0.00186314275,0.00186630035,0.0018643779,0.00182491565,0.00193349365,0.00173699995
0.5,7,2490505845399364608,0.00198183745,0.0019135469,0.001904205,0.00192536405,0.0019067262,0.0018956071,0.00194241655,0.0019584135,0.00187192605,0.0018830524
0.00001,7,784481173696537344,0.0016056719,0.00153465575,0.00168560725,0,0.0015942547,0.00126594285,0.00151692915,0.0016598458,0.00127833915,0
0.000001,7,2951706489615186944,0,0.0017400318,0.00110843115,0.001646516,0.00142439925,0.0018468304,0,0.0013919904,0.00175231405,0.0014222307
0.0001,8,5635030723387223040,0.00144207635,0.00088287125,0.0016113357,0.0016747063,0.00133243815,0.00140703575,0.0014026319,0.0017028908,0.00120854775,0.00133082
0.001,8,9085509719888980992,0.00179834185,0.0020717536,0.00165246155,0.0016004357,0.0018659008,0.00203913585,0.0014932881,0.0018884373,0.00168767005,0.00205534755
0.01,8,4221192242486946304,0.00190464305,0.00191206955,0.00195839565,0.0019086447,0.00191292375,0.0018598699,0.0019468466,0.00192579575,0.0018623869,0.00193023955
0.015,8,6497459219710589952,0.0015960617,0.0016180372,0.0016609359,0.0017946426,0.00161741005,0.0016661869,0.00165224955,0.0018864618,0.00160225655,0.0017087103
0.1,8,1819596492996672768,0.0020441685,0.00196804375,0.00205010365,0.00204429985,0.0019205817,0.0019769296,0.0019470342,0.0019818382,0.00192757035,0.00188499305
0.15,8,9072299991474611200,0.00201545365,0.0019897792,0.00204163675,0.0020727458,0.00205038705,0.00201568775,0.0019184163,0.00195317975,0.00202351005,0.00197439625
0.2,8,8296841163711759360,0.00199030265,0.0019076216,0.00189564985,0.0019226376,0.0019993343,0.00193609905,0.00198047365,0.0020097925,0.0019446629,0.00187535365
0.3,8,3537024644012999680,0.00189196505,0.0018892067,0.0018739889,0.00197223265,0.001895885,0.0019206003,0.00191024155,0.001907049,0.0018705465,0.00189930245
0.4,8,8525655186072513536,0.0020650931,0.00215104365,0.00209952935,0.0020942979,0.0021939477,0.00204796125,0.0021747902,0.00210758635,0.00205270585,0.00206423385
0.5,8,748523220188814976,0.0018632529,0.00184165085,0.00193231505,0.00188060005,0.0019333799,0.0019162687,0.00188509895,0.00190385585,0.0018284388,0.00182643875
0.00001,8,927071264618972672,0.00160763735,0.00119496455,0.0013731008,0.00163967255,0.0016714023,0.00140436565,0,0.00107436365,0,0.0016328257
0.000001,8,3290899117733707776,0.00127207625,0,0.0015246004,0.00116737595,0.0014636828,0.0011254383,0,0.0015494802,0.00181058575,0
0.0001,9,7427202522487258112,0.00160204435,0.00148326675,0.0016133552,0.00142367935,0.00146742395,0.0013096037,0.0015493136,0.0014103026,0.0014764142,0.00132657815
0.001,9,4875319835486071808,0.0016187959,0.00179376205,0.0013497325,0.00170948755,0.00178472075,0.00163632615,0.0016130319,0.00152408325,0.001621713,0.00162215285
0.01,9,4916254526226195456,0.0015790582,0.0016148864,0.0014795497,0.00164950185,0.00162589575,0.0016731627,0.00158084365,0.00157142085,0.00163143535,0.00146329975
0.015,9,1699465499736997376,0.0017723152,0.00197530395,0.0019757557,0.00194621225,0.0019232779,0.00187825905,0.00200878365,0.00190213955,0.00189280195,0.00191500415
0.1,9,6436201008715290624,0.0020534368,0.0020579273,0.0019443975,0.0020149131,0.00200216095,0.00201098585,0.0020218693,0.0020327366,0.00188914595,0.002020683
0.15,9,2591054024472472576,0.00174968295,0.0017878457,0.00176727785,0.0017572815,0.00177107255,0.00178774025,0.0017220932,0.00176437725,0.0017717521,0.00178086145
0.2,9,5443503946511566848,0.0020075601,0.00193673425,0.002094721,0.0019903897,0.0019762989,0.00206109545,0.00204190505,0.0020150132,0.0020593591,0.0019453385
0.3,9,1305015321879001344,0.00193976035,0.00204283015,0.00196290375,0.00201700925,0.00187172395,0.00198246445,0.0021014842,0.00197096015,0.0019826636,0.00187739735
0.4,9,6332568253242622976,0.00205065265,0.00205500845,0.00191858015,0.00199603655,0.00202577,0.0021166826,0.0021164314,0.0020071615,0.00204606335,0.0020345894
0.5,9,6114446317198790656,0.00185074465,0.00185344525,0.00185547995,0.00182665815,0.0018252229,0.0018493284,0.0018552964,0.0018999556,0.0018583758,0.0018152806
0.00001,9,4946613871458722816,0.0014856533,0.0013765964,0,0.00184946925,0.0016161789,0,0,0.001556916,0.00124553205,0.0014822948
0.000001,9,8395668191227625472,0.00143049775,0.00121155045,0.0013903304,0.0010363678,0.00146578775,0.00119262035,0.0014575892,0.0014413309,0.0014164797,0.001133101
